<?xml version="1.0" encoding="utf-8"?>
<odoo>
  <data noupdate="1">

    <record id="module_category_kh_approvals" model="ir.module.category">
      <field name="name">Approvals</field>
      <field name="description">User access levels for the Khales Approvals module.</field>
      <field name="sequence">20</field>
    </record>

    <record id="group_kh_approvals_manager" model="res.groups">
      <field name="name">Approvals / Manager</field>
      <field name="category_id" ref="kh_approvals.module_category_kh_approvals"/>
      <field name="implied_ids" eval="[(4, ref('base.group_user'))]"/>
      <field name="comment">Managers can see and manage all approval requests.</field>
    </record>

    <record id="group_kh_approvals_accountant" model="res.groups">
      <field name="name">Approvals / Accountant</field>
      <field name="category_id" ref="kh_approvals.module_category_kh_approvals"/>
      <field name="implied_ids" eval="[(4, ref('base.group_user'))]"/>
      <field name="comment">Users in this group can process payments for approved requests.</field>
    </record>

  </data>
</odoo>